{
  "baseline": {
    "deeponet_mae": 0.04439462348818779,
    "cnn_mae": 0.009590057656168938
  },
  "sparse": {
    "deeponet_mae": 0.07911612093448639,
    "cnn_mae": 0.07144898176193237
  },
  "highres": {
    "deeponet_mae": 0.04083995148539543,
    "cnn_mae": 0.014808736741542816
  }
}